threshold,%attacksdetected,TotalNumFP,f1,precision,recall
0.5,60.1990049751,126723,0.0019048369,0.0009539277,0.6019900498
0.5005005005,59.7014925373,126527,0.0018920283,0.0009475155,0.5970149254
0.501001001,59.7014925373,126315,0.0018951957,0.0009491043,0.5970149254
0.5015015015,59.2039800995,126151,0.0018818543,0.000942425,0.592039801
0.502002002,59.2039800995,125983,0.0018843575,0.0009436805,0.592039801
0.5025025025,59.2039800995,125836,0.0018865532,0.0009447819,0.592039801
0.503003003,59.2039800995,125651,0.0018893237,0.0009461716,0.592039801
0.5035035035,59.2039800995,125499,0.0018916062,0.0009473165,0.592039801
0.504004004,58.7064676617,125340,0.0018780987,0.0009405538,0.5870646766
0.5045045045,57.7114427861,125183,0.0018486056,0.0009257855,0.5771144279
0.505005005,57.2139303483,125016,0.0018351259,0.0009190368,0.5721393035
0.5055055055,57.2139303483,124844,0.0018376478,0.0009203019,0.5721393035
0.506006006,56.7164179104,124635,0.0018247299,0.000913835,0.5671641791
0.5065065065,55.7213930348,124480,0.0017949725,0.0008989341,0.5572139303
0.507007007,55.7213930348,124312,0.0017973922,0.0009001479,0.5572139303
0.5075075075,55.7213930348,124170,0.0017994425,0.0009011764,0.5572139303
0.508008008,55.7213930348,124043,0.0018012802,0.0009020982,0.5572139303
0.5085085085,55.7213930348,123899,0.0018033684,0.0009031457,0.5572139303
0.509009009,55.7213930348,123756,0.001805447,0.0009041883,0.5572139303
0.5095095095,55.223880597,123603,0.0017915507,0.0008972307,0.552238806
0.51001001,55.223880597,123461,0.001793606,0.0008982617,0.552238806
0.5105105105,55.223880597,123319,0.0017956661,0.0008992951,0.552238806
0.511011011,54.7263681592,123194,0.0017813044,0.0008921041,0.5472636816
0.5115115115,54.7263681592,123082,0.0017829212,0.0008929151,0.5472636816
0.512012012,54.2288557214,122961,0.0017684614,0.0008856748,0.5422885572
0.5125125125,54.2288557214,122807,0.0017706734,0.0008867845,0.5422885572
0.513013013,54.2288557214,122662,0.0017727613,0.0008878318,0.5422885572
0.5135135135,54.2288557214,122550,0.0017743773,0.0008886425,0.5422885572
0.514014014,54.2288557214,122405,0.0017764739,0.0008896942,0.5422885572
0.5145145145,53.7313432836,122253,0.0017623733,0.0008826342,0.5373134328
0.515015015,53.7313432836,122128,0.0017641726,0.0008835368,0.5373134328
0.5155155155,53.7313432836,122003,0.0017659755,0.0008844412,0.5373134328
0.516016016,53.7313432836,121882,0.0017677243,0.0008853185,0.5373134328
0.5165165165,53.7313432836,121725,0.0017699985,0.0008864593,0.5373134328
0.517017017,53.7313432836,121588,0.0017719878,0.0008874573,0.5373134328
0.5175175175,53.7313432836,121388,0.0017749,0.0008889182,0.5373134328
0.518018018,53.2338308458,121032,0.0017636394,0.0008832828,0.5323383085
0.5185185185,53.2338308458,120697,0.001768522,0.0008857323,0.5323383085
0.519019019,53.2338308458,120399,0.0017728881,0.0008879226,0.5323383085
0.5195195195,53.2338308458,120145,0.0017766266,0.0008897981,0.5323383085
0.52002002,53.2338308458,119902,0.001780218,0.0008915998,0.5323383085
0.5205205205,53.2338308458,119700,0.0017832145,0.0008931031,0.5323383085
0.521021021,53.2338308458,119523,0.0017858484,0.0008944245,0.5323383085
0.5215215215,53.2338308458,119330,0.0017887293,0.0008958698,0.5323383085
0.522022022,52.736318408,119098,0.00177547,0.0008892319,0.5273631841
0.5225225225,52.736318408,118736,0.0017808691,0.0008919406,0.5273631841
0.523023023,52.736318408,118294,0.001787506,0.0008952703,0.5273631841
0.5235235235,52.736318408,118041,0.0017913273,0.0008971874,0.5273631841
0.524024024,52.736318408,117846,0.0017942837,0.0008986706,0.5273631841
0.5245245245,52.736318408,117684,0.0017967472,0.0008999066,0.5273631841
0.525025025,52.736318408,117555,0.0017987137,0.0009008932,0.5273631841
0.5255255255,52.736318408,117451,0.0018003023,0.0009016902,0.5273631841
0.526026026,52.736318408,117340,0.0018020009,0.0009025424,0.5273631841
0.5265265265,52.736318408,117240,0.0018035339,0.0009033116,0.5273631841
0.527027027,52.736318408,117137,0.0018051156,0.0009041051,0.5273631841
0.5275275275,52.736318408,117042,0.001806577,0.0009048383,0.5273631841
0.528028028,52.736318408,116925,0.00180838,0.0009057429,0.5273631841
0.5285285285,52.736318408,116788,0.0018104958,0.0009068045,0.5273631841
0.529029029,52.736318408,116690,0.0018120123,0.0009075653,0.5273631841
0.5295295295,52.736318408,116582,0.0018136865,0.0009084053,0.5273631841
0.53003003,52.736318408,116459,0.001815597,0.0009093639,0.5273631841
0.5305305305,52.736318408,116333,0.0018175583,0.0009103479,0.5273631841
0.531031031,52.736318408,116208,0.0018195082,0.0009113262,0.5273631841
0.5315315315,52.736318408,116109,0.0018210555,0.0009121026,0.5273631841
0.532032032,52.736318408,115980,0.0018230757,0.0009131161,0.5273631841
0.5325325325,52.736318408,115877,0.0018246919,0.000913927,0.5273631841
0.533033033,52.736318408,115774,0.0018263109,0.0009147394,0.5273631841
0.5335335335,52.736318408,115680,0.001827791,0.000915482,0.5273631841
0.534034034,52.736318408,115575,0.0018294472,0.000916313,0.5273631841
0.5345345345,52.736318408,115485,0.0018308691,0.0009170264,0.5273631841
0.535035035,52.736318408,115383,0.0018324834,0.0009178363,0.5273631841
0.5355355355,52.736318408,115307,0.001833688,0.0009184407,0.5273631841
0.536036036,52.736318408,115211,0.0018352118,0.0009192053,0.5273631841
0.5365365365,52.736318408,115113,0.0018367701,0.0009199872,0.5273631841
0.537037037,52.736318408,115011,0.0018383947,0.0009208023,0.5273631841
0.5375375375,52.736318408,114912,0.0018399743,0.0009215949,0.5273631841
0.538038038,52.736318408,114798,0.0018417966,0.0009225092,0.5273631841
0.5385385385,52.2388059701,114688,0.0018261822,0.0009146899,0.5223880597
0.539039039,52.2388059701,114579,0.0018279149,0.0009155593,0.5223880597
0.5395395395,52.2388059701,114477,0.0018295392,0.0009163743,0.5223880597
0.54004004,52.2388059701,114380,0.0018310866,0.0009171507,0.5223880597
0.5405405405,52.2388059701,114286,0.0018325887,0.0009179044,0.5223880597
0.541041041,52.2388059701,114175,0.0018343655,0.0009187959,0.5223880597
0.5415415415,52.2388059701,114071,0.0018360335,0.0009196328,0.5223880597
0.542042042,52.2388059701,113956,0.0018378814,0.0009205601,0.5223880597
0.5425425425,52.2388059701,113821,0.0018400554,0.0009216509,0.5223880597
0.543043043,52.2388059701,113717,0.0018417337,0.000922493,0.5223880597
0.5435435435,52.2388059701,113617,0.0018433503,0.0009233042,0.5223880597
0.544044044,52.2388059701,113506,0.0018451481,0.0009242063,0.5223880597
0.5445445445,51.7412935323,113390,0.001829456,0.000916348,0.5174129353
0.545045045,51.7412935323,113292,0.0018310343,0.0009171399,0.5174129353
0.5455455455,51.7412935323,113185,0.0018327606,0.0009180062,0.5174129353
0.546046046,51.7412935323,113094,0.0018342313,0.0009187441,0.5174129353
0.5465465465,51.7412935323,112959,0.0018364176,0.0009198412,0.5174129353
0.547047047,51.7412935323,112861,0.0018380079,0.0009206391,0.5174129353
0.5475475475,51.7412935323,112754,0.0018397474,0.000921512,0.5174129353
0.548048048,51.7412935323,112648,0.0018414739,0.0009223783,0.5174129353
0.5485485485,51.7412935323,112528,0.0018434323,0.000923361,0.5174129353
0.549049049,51.2437810945,112398,0.0018278291,0.0009155474,0.5124378109
0.5495495496,51.2437810945,112281,0.0018297286,0.0009165006,0.5124378109
0.5500500501,51.2437810945,112152,0.0018318276,0.0009175538,0.5124378109
0.5505505506,51.2437810945,112026,0.0018338823,0.0009185848,0.5124378109
0.5510510511,51.2437810945,111900,0.0018359417,0.0009196182,0.5124378109
0.5515515516,51.2437810945,111770,0.0018380713,0.0009206869,0.5124378109
0.5520520521,50.7462686567,111651,0.001822177,0.0009127272,0.5074626866
0.5525525526,50.7462686567,111533,0.0018240996,0.0009136919,0.5074626866
0.5530530531,50.7462686567,111418,0.0018259772,0.0009146341,0.5074626866
0.5535535536,50.7462686567,111313,0.001827695,0.0009154961,0.5074626866
0.5540540541,50.7462686567,111185,0.0018297933,0.0009165491,0.5074626866
0.5545545546,50.7462686567,111032,0.0018323079,0.0009178109,0.5074626866
0.5550550551,50.7462686567,110914,0.001834252,0.0009187865,0.5074626866
0.5555555556,50.7462686567,110794,0.0018362332,0.0009197807,0.5074626866
0.5560560561,50.7462686567,110672,0.0018382519,0.0009207937,0.5074626866
0.5565565566,50.7462686567,110512,0.001840906,0.0009221256,0.5074626866
0.5570570571,50.7462686567,110378,0.0018431348,0.000923244,0.5074626866
0.5575575576,50.7462686567,110245,0.0018453522,0.0009243568,0.5074626866
0.5580580581,50.7462686567,110110,0.0018476085,0.0009254891,0.5074626866
0.5585585586,50.7462686567,109973,0.0018499039,0.0009266409,0.5074626866
0.5590590591,50.7462686567,109834,0.0018522386,0.0009278125,0.5074626866
0.5595595596,50.7462686567,109725,0.0018540735,0.0009287334,0.5074626866
0.5600600601,50.7462686567,109607,0.0018560641,0.0009297323,0.5074626866
0.5605605606,50.7462686567,109455,0.0018586345,0.0009310222,0.5074626866
0.5610610611,50.7462686567,109297,0.0018613139,0.0009323668,0.5074626866
0.5615615616,50.7462686567,109162,0.0018636094,0.0009335188,0.5074626866
0.5620620621,50.7462686567,109031,0.0018658423,0.0009346394,0.5074626866
0.5625625626,50.7462686567,108902,0.0018680463,0.0009357455,0.5074626866
0.5630630631,50.7462686567,108789,0.0018699813,0.0009367165,0.5074626866
0.5635635636,50.7462686567,108159,0.0018808431,0.0009421675,0.5074626866
0.5640640641,50.7462686567,107963,0.0018842481,0.0009438764,0.5074626866
0.5645645646,50.7462686567,107477,0.0018927445,0.0009481404,0.5074626866
0.5650650651,50.7462686567,107330,0.0018953295,0.0009494378,0.5074626866
0.5655655656,50.7462686567,107104,0.0018993175,0.0009514393,0.5074626866
0.5660660661,50.7462686567,106544,0.0019092721,0.0009564353,0.5074626866
0.5665665666,50.7462686567,106344,0.0019128527,0.0009582323,0.5074626866
0.5670670671,50.2487562189,106148,0.0018976045,0.0009505972,0.5024875622
0.5675675676,50.2487562189,105977,0.0019006577,0.0009521296,0.5024875622
0.5680680681,50.2487562189,105807,0.0019037028,0.0009536579,0.5024875622
0.5685685686,49.7512437811,105636,0.0018879145,0.0009457517,0.4975124378
0.5690690691,49.7512437811,105390,0.0018923087,0.0009479572,0.4975124378
0.5695695696,49.7512437811,105226,0.0018952496,0.0009494332,0.4975124378
0.5700700701,49.7512437811,105045,0.0018985059,0.0009510676,0.4975124378
0.5705705706,49.7512437811,104861,0.0019018277,0.0009527348,0.4975124378
0.5710710711,49.7512437811,104682,0.0019050703,0.0009543624,0.4975124378
0.5715715716,49.7512437811,104496,0.0019084516,0.0009560595,0.4975124378
0.5720720721,49.7512437811,104312,0.0019118083,0.0009577443,0.4975124378
0.5725725726,49.7512437811,104161,0.0019145718,0.0009591314,0.4975124378
0.5730730731,49.7512437811,103976,0.0019179685,0.0009608363,0.4975124378
0.5735735736,49.2537313433,103779,0.0019024011,0.0009530411,0.4925373134
0.5740740741,49.2537313433,103591,0.0019058436,0.000954769,0.4925373134
0.5745745746,49.2537313433,103423,0.0019089305,0.0009563185,0.4925373134
0.5750750751,49.2537313433,103252,0.0019120828,0.0009579007,0.4925373134
0.5755755756,49.2537313433,103070,0.0019154494,0.0009595906,0.4925373134
0.5760760761,48.7562189055,102853,0.0019001086,0.0009519092,0.4875621891
0.5765765766,48.7562189055,102666,0.0019035595,0.0009536414,0.4875621891
0.5770770771,48.7562189055,102467,0.0019072456,0.0009554916,0.4875621891
0.5775775776,48.7562189055,102253,0.0019112255,0.0009574894,0.4875621891
0.5780780781,48.7562189055,102028,0.001915428,0.0009595989,0.4875621891
0.5785785786,48.7562189055,101799,0.0019197242,0.0009617555,0.4875621891
0.5790790791,48.7562189055,101602,0.0019234355,0.0009636185,0.4875621891
0.5795795796,48.7562189055,101416,0.0019269528,0.0009653841,0.4875621891
0.5800800801,48.7562189055,101228,0.0019305209,0.0009671753,0.4875621891
0.5805805806,48.7562189055,101021,0.0019344651,0.0009691552,0.4875621891
0.5810810811,48.7562189055,100787,0.0019389431,0.0009714031,0.4875621891
0.5815815816,48.7562189055,100589,0.0019427484,0.0009733133,0.4875621891
0.5820820821,48.2587064677,100342,0.001927663,0.0009657603,0.4825870647
0.5825825826,48.2587064677,100106,0.0019321939,0.0009680349,0.4825870647
0.5830830831,48.2587064677,99885,0.0019364563,0.0009701746,0.4825870647
0.5835835836,48.2587064677,99645,0.0019411064,0.0009725091,0.4825870647
0.5840840841,48.2587064677,99417,0.0019455448,0.0009747372,0.4825870647
0.5845845846,48.2587064677,99187,0.0019500427,0.0009769953,0.4825870647
0.5850850851,48.2587064677,98949,0.001954719,0.0009793429,0.4825870647
0.5855855856,48.2587064677,98703,0.0019595762,0.0009817814,0.4825870647
0.5860860861,48.2587064677,98454,0.0019645172,0.000984262,0.4825870647
0.5865865866,48.2587064677,98202,0.0019695431,0.0009867852,0.4825870647
0.5870870871,48.2587064677,97962,0.0019743538,0.0009892004,0.4825870647
0.5875875876,48.2587064677,97705,0.0019795312,0.0009917998,0.4825870647
0.5880880881,48.2587064677,97475,0.0019841879,0.0009941377,0.4825870647
0.5885885886,48.2587064677,97195,0.0019898865,0.0009969987,0.4825870647
0.5890890891,48.2587064677,96881,0.0019963161,0.0010002269,0.4825870647
0.5895895896,48.2587064677,96569,0.002002746,0.0010034552,0.4825870647
0.5900900901,48.2587064677,96246,0.0020094465,0.0010068194,0.4825870647
0.5905905906,48.2587064677,95928,0.0020160871,0.0010101536,0.4825870647
0.5910910911,48.2587064677,95620,0.0020225609,0.0010134041,0.4825870647
0.5915915916,48.2587064677,95322,0.0020288643,0.001016569,0.4825870647
0.5920920921,48.2587064677,95042,0.0020348227,0.0010195609,0.4825870647
0.5925925926,48.2587064677,94742,0.0020412458,0.001022786,0.4825870647
0.5930930931,48.2587064677,94439,0.0020477744,0.0010260641,0.4825870647
0.5935935936,48.2587064677,94138,0.0020543013,0.0010293415,0.4825870647
0.5940940941,47.7611940299,93824,0.0020399273,0.0010221465,0.4776119403
0.5945945946,47.7611940299,93518,0.002046581,0.0010254876,0.4776119403
0.5950950951,47.7611940299,93163,0.0020543548,0.0010293913,0.4776119403
0.5955955956,47.7611940299,92829,0.0020617228,0.0010330912,0.4776119403
0.5960960961,47.263681592,92479,0.0020479655,0.0010262061,0.4726368159
0.5965965966,47.263681592,92159,0.0020550538,0.0010297656,0.4726368159
0.5970970971,47.263681592,91841,0.0020621466,0.0010333275,0.4726368159
0.5975975976,47.263681592,91511,0.002069559,0.00103705,0.4726368159
0.5980980981,47.263681592,91184,0.0020769567,0.0010407651,0.4726368159
0.5985985986,47.263681592,90812,0.0020854371,0.001045024,0.4726368159
0.5990990991,47.263681592,90473,0.0020932257,0.0010489356,0.4726368159
0.5995995996,47.263681592,90134,0.0021010727,0.0010528766,0.4726368159
0.6001001001,47.263681592,89759,0.0021098218,0.0010572707,0.4726368159
0.6006006006,47.263681592,89319,0.0021201808,0.0010624734,0.4726368159
0.6011011011,47.263681592,88911,0.0021298777,0.0010673438,0.4726368159
0.6016016016,47.263681592,88571,0.0021380265,0.0010714366,0.4726368159
0.6021021021,47.263681592,88234,0.0021461651,0.0010755245,0.4726368159
0.6026026026,47.263681592,87865,0.002155148,0.0010800364,0.4726368159
0.6031031031,46.2686567164,87098,0.0021283413,0.0010666238,0.4626865672
0.6036036036,46.2686567164,86687,0.002138398,0.0010716755,0.4626865672
0.6041041041,46.2686567164,86330,0.0021472109,0.0010761024,0.4626865672
0.6046046046,46.2686567164,85935,0.0021570469,0.0010810434,0.4626865672
0.6051051051,46.2686567164,85516,0.0021675795,0.0010863344,0.4626865672
0.6056056056,46.2686567164,85117,0.0021777054,0.0010914212,0.4626865672
0.6061061061,46.2686567164,84724,0.002187772,0.0010964783,0.4626865672
0.6066066066,46.2686567164,84364,0.0021970753,0.0011011521,0.4626865672
0.6071071071,46.2686567164,83972,0.0022072959,0.0011062868,0.4626865672
0.6076076076,46.2686567164,83518,0.0022192526,0.0011122938,0.4626865672
0.6081081081,46.2686567164,83083,0.002230831,0.001118111,0.4626865672
0.6086086086,46.2686567164,82636,0.0022428554,0.0011241524,0.4626865672
0.6091091091,46.2686567164,82147,0.002256159,0.0011308366,0.4626865672
0.6096096096,46.2686567164,81684,0.0022689014,0.0011372391,0.4626865672
0.6101101101,46.2686567164,81245,0.002281117,0.001143377,0.4626865672
0.6106106106,46.2686567164,80774,0.0022943702,0.0011500365,0.4626865672
0.6111111111,46.2686567164,80353,0.0023063474,0.001156055,0.4626865672
0.6116116116,46.2686567164,79946,0.0023180459,0.0011619336,0.4626865672
0.6121121121,46.2686567164,79536,0.0023299511,0.0011679162,0.4626865672
0.6126126126,46.2686567164,79117,0.0023422448,0.0011740942,0.4626865672
0.6131131131,45.7711442786,78690,0.0023296152,0.0011677794,0.4577114428
0.6136136136,45.7711442786,78278,0.002341831,0.0011739186,0.4577114428
0.6141141141,45.7711442786,77781,0.0023567385,0.0011814108,0.4577114428
0.6146146146,45.7711442786,77332,0.0023703704,0.001188262,0.4577114428
0.6151151151,45.7711442786,76874,0.0023844389,0.001195333,0.4577114428
0.6156156156,45.7711442786,76463,0.0023972067,0.0012017504,0.4577114428
0.6161161161,45.7711442786,75993,0.002411976,0.001209174,0.4577114428
0.6166166166,45.7711442786,75503,0.0024275687,0.0012170117,0.4577114428
0.6171171171,45.7711442786,75072,0.0024414516,0.0012239902,0.4577114428
0.6176176176,45.7711442786,74562,0.0024580856,0.0012323519,0.4577114428
0.6181181181,45.7711442786,74085,0.0024738498,0.0012402766,0.4577114428
0.6186186186,45.7711442786,73630,0.0024890765,0.0012479314,0.4577114428
0.6191191191,45.7711442786,73154,0.0025052078,0.0012560413,0.4577114428
0.6196196196,45.7711442786,72716,0.0025202372,0.0012635974,0.4577114428
0.6201201201,45.7711442786,72341,0.0025332489,0.0012701393,0.4577114428
0.6206206206,45.2736318408,71817,0.0025239568,0.0012655059,0.4527363184
0.6211211211,45.2736318408,71353,0.0025403029,0.0012737249,0.4527363184
0.6216216216,45.2736318408,70863,0.0025577964,0.0012825211,0.4527363184
0.6221221221,45.2736318408,70367,0.0025757511,0.0012915496,0.4527363184
0.6226226226,45.2736318408,69887,0.0025933684,0.0013004087,0.4527363184
0.6231231231,45.2736318408,69405,0.0026113032,0.0013094279,0.4527363184
0.6236236236,44.776119403,68951,0.0025995783,0.0013035732,0.447761194
0.6241241241,44.776119403,68454,0.0026183722,0.0013130252,0.447761194
0.6246246246,44.776119403,67979,0.00263659,0.0013221878,0.447761194
0.6251251251,44.776119403,67464,0.0026566305,0.0013322675,0.447761194
0.6256256256,44.776119403,65890,0.0027198138,0.0013640497,0.447761194
0.6261261261,44.776119403,65433,0.0027387256,0.0013735635,0.447761194
0.6266266266,44.776119403,64750,0.0027674851,0.0013880321,0.447761194
0.6271271271,44.2786069652,64250,0.0027579795,0.0013832978,0.4427860697
0.6276276276,44.2786069652,63753,0.0027793826,0.0013940666,0.4427860697
0.6281281281,44.2786069652,63232,0.0028021788,0.0014055369,0.4427860697
0.6286286286,44.2786069652,62671,0.002827147,0.0014181007,0.4427860697
0.6291291291,44.2786069652,62126,0.0028518329,0.0014305232,0.4427860697
0.6296296296,43.7810945274,61543,0.0028464226,0.0014278529,0.4378109453
0.6301301301,43.7810945274,60999,0.0028716878,0.0014405684,0.4378109453
0.6306306306,43.7810945274,60488,0.0028958323,0.0014527205,0.4378109453
0.6311311311,43.7810945274,59884,0.0029248999,0.0014673514,0.4378109453
0.6316316316,43.7810945274,59377,0.0029497536,0.0014798621,0.4378109453
0.6321321321,43.7810945274,58773,0.0029799194,0.0014950477,0.4378109453
0.6326326326,43.7810945274,58228,0.003007673,0.0015090198,0.4378109453
0.6331331331,43.2835820896,57636,0.0030039362,0.0015071982,0.4328358209
0.6336336336,42.7860696517,57032,0.0030007502,0.001505655,0.4278606965
0.6341341341,42.7860696517,56476,0.0030301429,0.0015204554,0.4278606965
0.6346346346,42.7860696517,55875,0.003062569,0.0015367845,0.4278606965
0.6351351351,42.7860696517,55307,0.003093859,0.0015525427,0.4278606965
0.6356356356,42.7860696517,54685,0.0031288656,0.001570174,0.4278606965
0.6361361361,42.7860696517,54119,0.003161416,0.0015865695,0.4278606965
0.6366366366,42.2885572139,53481,0.0031617907,0.0015868275,0.4228855721
0.6371371371,42.2885572139,52884,0.0031972917,0.0016047122,0.4228855721
0.6376376376,42.2885572139,52291,0.003233353,0.0016228807,0.4228855721
0.6381381381,42.2885572139,51674,0.0032717475,0.0016422265,0.4228855721
0.6386386386,42.2885572139,51047,0.0033117098,0.0016623641,0.4228855721
0.6391391391,42.2885572139,50467,0.0033495557,0.0016814369,0.4228855721
0.6396396396,42.2885572139,49870,0.003389425,0.0017015314,0.4228855721
0.6401401401,42.2885572139,49276,0.0034300472,0.0017220073,0.4228855721
0.6406406406,42.2885572139,48653,0.0034737122,0.001744019,0.4228855721
0.6411411411,41.7910447761,48054,0.0034754546,0.0017449832,0.4179104478
0.6416416416,41.7910447761,46416,0.0035973534,0.0018064516,0.4179104478
0.6421421421,41.7910447761,45774,0.0036474956,0.0018317415,0.4179104478
0.6426426426,41.7910447761,45157,0.0036970204,0.0018567229,0.4179104478
0.6431431431,40.7960199005,44483,0.0036634946,0.001840009,0.407960199
0.6436436436,40.7960199005,43903,0.0037115829,0.0018642719,0.407960199
0.6441441441,40.7960199005,6159,0.0254579323,0.01313892,0.407960199
0.6446446446,40.7960199005,1851,0.0768509841,0.0424211071,0.407960199
0.6451451451,40.7960199005,1725,0.0816733068,0.0453790814,0.407960199
0.6456456456,40.7960199005,1720,0.0818771842,0.0455049945,0.407960199
0.6461461461,40.7960199005,1718,0.0819590205,0.0455555556,0.407960199
0.6466466466,40.7960199005,1716,0.0820410205,0.0456062291,0.407960199
0.6471471471,40.7960199005,1712,0.0822055138,0.0457079153,0.407960199
0.6476476476,40.7960199005,1710,0.082288008,0.0457589286,0.407960199
0.6481481481,40.2985074627,1709,0.0813661477,0.0452513966,0.4029850746
0.6486486486,40.2985074627,1705,0.0815299446,0.0453527436,0.4029850746
0.6491491491,40.2985074627,1701,0.0816944024,0.0454545455,0.4029850746
0.6496496497,40.2985074627,1695,0.0819423369,0.0456081081,0.4029850746
0.6501501502,40.2985074627,1694,0.0819838057,0.0456338028,0.4029850746
0.6506506507,40.2985074627,1693,0.0820253165,0.0456595265,0.4029850746
0.6511511512,40.2985074627,1671,0.0829493088,0.0462328767,0.4029850746
0.6516516517,40.2985074627,1657,0.0835482207,0.0466052934,0.4029850746
0.6521521522,40.2985074627,1656,0.0835913313,0.0466321244,0.4029850746
0.6526526527,40.2985074627,1655,0.0836344863,0.0466589862,0.4029850746
0.6531531532,40.2985074627,1652,0.0837642192,0.0467397576,0.4029850746
0.6536536537,39.8009950249,1651,0.082815735,0.0462160601,0.3980099502
0.6541541542,39.8009950249,1650,0.0828586225,0.0462427746,0.3980099502
0.6546546547,39.8009950249,1648,0.0829445308,0.0462962963,0.3980099502
0.6551551552,39.8009950249,1648,0.0829445308,0.0462962963,0.3980099502
0.6556556557,39.8009950249,1645,0.0830737279,0.0463768116,0.3980099502
0.6561561562,39.8009950249,1641,0.0832466181,0.046484602,0.3980099502
0.6566566567,39.8009950249,1641,0.0832466181,0.046484602,0.3980099502
0.6571571572,39.8009950249,1639,0.0833333333,0.0465386853,0.3980099502
0.6576576577,39.8009950249,1637,0.0834202294,0.0465928946,0.3980099502
0.6581581582,39.8009950249,263,0.2941176471,0.2332361516,0.3980099502
0.6586586587,39.8009950249,259,0.2962962963,0.2359882006,0.3980099502
0.6591591592,39.8009950249,256,0.2979515829,0.2380952381,0.3980099502
0.6596596597,39.3034825871,243,0.3021032505,0.2453416149,0.3930348259
0.6601601602,39.3034825871,228,0.311023622,0.2573289902,0.3930348259
0.6606606607,39.3034825871,225,0.3128712871,0.2598684211,0.3930348259
0.6611611612,39.3034825871,223,0.3141153082,0.261589404,0.3930348259
0.6616616617,39.3034825871,222,0.3147410359,0.2624584718,0.3930348259
0.6621621622,39.3034825871,222,0.3147410359,0.2624584718,0.3930348259
0.6626626627,39.3034825871,221,0.3153692615,0.2633333333,0.3930348259
0.6631631632,39.3034825871,220,0.316,0.2642140468,0.3930348259
0.6636636637,39.3034825871,217,0.3179074447,0.2668918919,0.3930348259
0.6641641642,39.3034825871,217,0.3179074447,0.2668918919,0.3930348259
0.6646646647,39.3034825871,217,0.3179074447,0.2668918919,0.3930348259
0.6651651652,39.3034825871,210,0.3224489796,0.2733564014,0.3930348259
0.6656656657,39.3034825871,209,0.3231083845,0.2743055556,0.3930348259
0.6661661662,39.3034825871,207,0.3244353183,0.2762237762,0.3930348259
0.6666666667,39.3034825871,207,0.3244353183,0.2762237762,0.3930348259
0.6671671672,39.3034825871,207,0.3244353183,0.2762237762,0.3930348259
0.6676676677,38.8059701493,207,0.3209876543,0.2736842105,0.3880597015
0.6681681682,38.8059701493,205,0.3223140496,0.2756183746,0.3880597015
0.6686686687,38.8059701493,205,0.3223140496,0.2756183746,0.3880597015
0.6691691692,38.8059701493,205,0.3223140496,0.2756183746,0.3880597015
0.6696696697,38.3084577114,205,0.3188405797,0.2730496454,0.3830845771
0.6701701702,38.3084577114,204,0.3195020747,0.2740213523,0.3830845771
0.6706706707,38.3084577114,202,0.3208333333,0.2759856631,0.3830845771
0.6711711712,38.3084577114,201,0.3215031315,0.2769784173,0.3830845771
0.6716716717,38.3084577114,179,0.3369803063,0.30078125,0.3830845771
0.6721721722,38.3084577114,179,0.3369803063,0.30078125,0.3830845771
0.6726726727,38.3084577114,178,0.3377192982,0.3019607843,0.3830845771
0.6731731732,38.3084577114,176,0.3392070485,0.3043478261,0.3830845771
0.6736736737,38.3084577114,175,0.3399558499,0.3055555556,0.3830845771
0.6741741742,38.3084577114,174,0.3407079646,0.3067729084,0.3830845771
0.6746746747,38.3084577114,174,0.3407079646,0.3067729084,0.3830845771
0.6751751752,38.3084577114,174,0.3407079646,0.3067729084,0.3830845771
0.6756756757,38.3084577114,173,0.3414634146,0.308,0.3830845771
0.6761761762,38.3084577114,172,0.3422222222,0.3092369478,0.3830845771
0.6766766767,37.3134328358,172,0.3348214286,0.3036437247,0.3731343284
0.6771771772,37.3134328358,172,0.3348214286,0.3036437247,0.3731343284
0.6776776777,37.3134328358,172,0.3348214286,0.3036437247,0.3731343284
0.6781781782,37.3134328358,172,0.3348214286,0.3036437247,0.3731343284
0.6786786787,37.3134328358,170,0.33632287,0.306122449,0.3731343284
0.6791791792,37.3134328358,170,0.33632287,0.306122449,0.3731343284
0.6796796797,37.3134328358,169,0.3370786517,0.3073770492,0.3731343284
0.6801801802,37.3134328358,169,0.3370786517,0.3073770492,0.3731343284
0.6806806807,37.3134328358,168,0.3378378378,0.3086419753,0.3731343284
0.6811811812,37.3134328358,167,0.3386004515,0.3099173554,0.3731343284
0.6816816817,36.815920398,167,0.334841629,0.3070539419,0.368159204
0.6821821822,36.815920398,166,0.335600907,0.3083333333,0.368159204
0.6826826827,36.815920398,166,0.335600907,0.3083333333,0.368159204
0.6831831832,36.815920398,164,0.3371298405,0.3109243697,0.368159204
0.6836836837,36.815920398,162,0.3386727689,0.313559322,0.368159204
0.6841841842,36.815920398,160,0.3402298851,0.3162393162,0.368159204
0.6846846847,36.815920398,160,0.3402298851,0.3162393162,0.368159204
0.6851851852,36.815920398,159,0.3410138249,0.3175965665,0.368159204
0.6856856857,36.815920398,156,0.343387471,0.3217391304,0.368159204
0.6861861862,36.815920398,155,0.3441860465,0.3231441048,0.368159204
0.6866866867,36.815920398,152,0.3466042155,0.3274336283,0.368159204
0.6871871872,36.3184079602,150,0.3443396226,0.3273542601,0.3631840796
0.6876876877,35.8208955224,149,0.3412322275,0.3257918552,0.3582089552
0.6881881882,35.8208955224,148,0.3420427553,0.3272727273,0.3582089552
0.6886886887,35.8208955224,147,0.3428571429,0.3287671233,0.3582089552
0.6891891892,35.8208955224,146,0.3436754177,0.3302752294,0.3582089552
0.6896896897,35.8208955224,144,0.345323741,0.3333333333,0.3582089552
0.6901901902,35.8208955224,144,0.345323741,0.3333333333,0.3582089552
0.6906906907,35.8208955224,143,0.3461538462,0.3348837209,0.3582089552
0.6911911912,34.8258706468,143,0.3381642512,0.3286384977,0.3482587065
0.6916916917,34.8258706468,143,0.3381642512,0.3286384977,0.3482587065
0.6921921922,34.8258706468,142,0.3389830508,0.3301886792,0.3482587065
0.6926926927,34.8258706468,140,0.3406326034,0.3333333333,0.3482587065
0.6931931932,34.328358209,140,0.3365853659,0.3301435407,0.3432835821
0.6936936937,34.328358209,139,0.337408313,0.3317307692,0.3432835821
0.6941941942,34.328358209,139,0.337408313,0.3317307692,0.3432835821
0.6946946947,34.328358209,138,0.3382352941,0.3333333333,0.3432835821
0.6951951952,34.328358209,138,0.3382352941,0.3333333333,0.3432835821
0.6956956957,34.328358209,138,0.3382352941,0.3333333333,0.3432835821
0.6961961962,34.328358209,136,0.3399014778,0.3365853659,0.3432835821
0.6966966967,34.328358209,135,0.3407407407,0.3382352941,0.3432835821
0.6971971972,33.8308457711,134,0.3374689826,0.3366336634,0.3383084577
0.6976976977,33.8308457711,132,0.3391521197,0.34,0.3383084577
0.6981981982,33.8308457711,131,0.34,0.3417085427,0.3383084577
0.6986986987,33.8308457711,129,0.3417085427,0.345177665,0.3383084577
0.6991991992,33.8308457711,129,0.3417085427,0.345177665,0.3383084577
0.6996996997,33.8308457711,128,0.3425692695,0.3469387755,0.3383084577
0.7002002002,33.8308457711,128,0.3425692695,0.3469387755,0.3383084577
0.7007007007,33.8308457711,127,0.3434343434,0.3487179487,0.3383084577
0.7012012012,33.8308457711,124,0.3460559796,0.3541666667,0.3383084577
0.7017017017,33.3333333333,123,0.3427109974,0.3526315789,0.3333333333
0.7022022022,33.3333333333,123,0.3427109974,0.3526315789,0.3333333333
0.7027027027,33.3333333333,123,0.3427109974,0.3526315789,0.3333333333
0.7032032032,32.8358208955,122,0.3393316195,0.3510638298,0.328358209
0.7037037037,32.8358208955,119,0.3419689119,0.3567567568,0.328358209
0.7042042042,32.8358208955,118,0.3428571429,0.3586956522,0.328358209
0.7047047047,32.8358208955,117,0.34375,0.3606557377,0.328358209
0.7052052052,32.8358208955,116,0.3446475196,0.3626373626,0.328358209
0.7057057057,32.8358208955,115,0.3455497382,0.364640884,0.328358209
0.7062062062,32.8358208955,115,0.3455497382,0.364640884,0.328358209
0.7067067067,32.8358208955,115,0.3455497382,0.364640884,0.328358209
0.7072072072,32.3383084577,115,0.3412073491,0.3611111111,0.3233830846
0.7077077077,32.3383084577,114,0.3421052632,0.3631284916,0.3233830846
0.7082082082,32.3383084577,113,0.3430079156,0.3651685393,0.3233830846
0.7087087087,32.3383084577,113,0.3430079156,0.3651685393,0.3233830846
0.7092092092,32.3383084577,113,0.3430079156,0.3651685393,0.3233830846
0.7097097097,32.3383084577,113,0.3430079156,0.3651685393,0.3233830846
0.7102102102,32.3383084577,113,0.3430079156,0.3651685393,0.3233830846
0.7107107107,32.3383084577,110,0.3457446809,0.3714285714,0.3233830846
0.7112112112,32.3383084577,110,0.3457446809,0.3714285714,0.3233830846
0.7117117117,32.3383084577,110,0.3457446809,0.3714285714,0.3233830846
0.7122122122,32.3383084577,110,0.3457446809,0.3714285714,0.3233830846
0.7127127127,32.3383084577,108,0.3475935829,0.3757225434,0.3233830846
0.7132132132,32.3383084577,107,0.3485254692,0.3779069767,0.3233830846
0.7137137137,32.3383084577,107,0.3485254692,0.3779069767,0.3233830846
0.7142142142,32.3383084577,107,0.3485254692,0.3779069767,0.3233830846
0.7147147147,32.3383084577,107,0.3485254692,0.3779069767,0.3233830846
0.7152152152,32.3383084577,105,0.3504043127,0.3823529412,0.3233830846
0.7157157157,32.3383084577,102,0.3532608696,0.3892215569,0.3233830846
0.7162162162,32.3383084577,101,0.3542234332,0.3915662651,0.3233830846
0.7167167167,31.8407960199,99,0.3516483516,0.3926380368,0.3184079602
0.7172172172,31.8407960199,98,0.3526170799,0.3950617284,0.3184079602
0.7177177177,31.8407960199,97,0.3535911602,0.397515528,0.3184079602
0.7182182182,31.8407960199,95,0.3555555556,0.4025157233,0.3184079602
0.7187187187,31.8407960199,95,0.3555555556,0.4025157233,0.3184079602
0.7192192192,31.3432835821,93,0.3529411765,0.4038461538,0.3134328358
0.7197197197,31.3432835821,93,0.3529411765,0.4038461538,0.3134328358
0.7202202202,31.3432835821,92,0.3539325843,0.4064516129,0.3134328358
0.7207207207,31.3432835821,92,0.3539325843,0.4064516129,0.3134328358
0.7212212212,31.3432835821,90,0.3559322034,0.4117647059,0.3134328358
0.7217217217,31.3432835821,90,0.3559322034,0.4117647059,0.3134328358
0.7222222222,31.3432835821,89,0.3569405099,0.4144736842,0.3134328358
0.7227227227,31.3432835821,89,0.3569405099,0.4144736842,0.3134328358
0.7232232232,31.3432835821,88,0.3579545455,0.417218543,0.3134328358
0.7237237237,31.3432835821,87,0.358974359,0.42,0.3134328358
0.7242242242,31.3432835821,87,0.358974359,0.42,0.3134328358
0.7247247247,31.3432835821,87,0.358974359,0.42,0.3134328358
0.7252252252,31.3432835821,86,0.36,0.4228187919,0.3134328358
0.7257257257,31.3432835821,86,0.36,0.4228187919,0.3134328358
0.7262262262,30.8457711443,86,0.3553008596,0.4189189189,0.3084577114
0.7267267267,30.8457711443,86,0.3553008596,0.4189189189,0.3084577114
0.7272272272,30.8457711443,86,0.3553008596,0.4189189189,0.3084577114
0.7277277277,30.8457711443,86,0.3553008596,0.4189189189,0.3084577114
0.7282282282,30.8457711443,86,0.3553008596,0.4189189189,0.3084577114
0.7287287287,30.8457711443,86,0.3553008596,0.4189189189,0.3084577114
0.7292292292,30.8457711443,85,0.3563218391,0.4217687075,0.3084577114
0.7297297297,30.8457711443,85,0.3563218391,0.4217687075,0.3084577114
0.7302302302,30.8457711443,84,0.3573487032,0.4246575342,0.3084577114
0.7307307307,30.8457711443,84,0.3573487032,0.4246575342,0.3084577114
0.7312312312,30.8457711443,83,0.3583815029,0.4275862069,0.3084577114
0.7317317317,30.3482587065,82,0.3546511628,0.4265734266,0.3034825871
0.7322322322,30.3482587065,82,0.3546511628,0.4265734266,0.3034825871
0.7327327327,30.3482587065,82,0.3546511628,0.4265734266,0.3034825871
0.7332332332,30.3482587065,82,0.3546511628,0.4265734266,0.3034825871
0.7337337337,30.3482587065,81,0.3556851312,0.4295774648,0.3034825871
0.7342342342,29.8507462687,79,0.3529411765,0.4316546763,0.2985074627
0.7347347347,29.8507462687,78,0.3539823009,0.4347826087,0.2985074627
0.7352352352,29.8507462687,78,0.3539823009,0.4347826087,0.2985074627
0.7357357357,29.8507462687,78,0.3539823009,0.4347826087,0.2985074627
0.7362362362,29.8507462687,78,0.3539823009,0.4347826087,0.2985074627
0.7367367367,29.8507462687,77,0.3550295858,0.4379562044,0.2985074627
0.7372372372,29.8507462687,76,0.3560830861,0.4411764706,0.2985074627
0.7377377377,29.8507462687,76,0.3560830861,0.4411764706,0.2985074627
0.7382382382,29.8507462687,76,0.3560830861,0.4411764706,0.2985074627
0.7387387387,29.8507462687,76,0.3560830861,0.4411764706,0.2985074627
0.7392392392,29.8507462687,76,0.3560830861,0.4411764706,0.2985074627
0.7397397397,29.8507462687,76,0.3560830861,0.4411764706,0.2985074627
0.7402402402,29.3532338308,76,0.3511904762,0.437037037,0.2935323383
0.7407407407,29.3532338308,76,0.3511904762,0.437037037,0.2935323383
0.7412412412,29.3532338308,75,0.352238806,0.4402985075,0.2935323383
0.7417417417,29.3532338308,75,0.352238806,0.4402985075,0.2935323383
0.7422422422,29.3532338308,75,0.352238806,0.4402985075,0.2935323383
0.7427427427,29.3532338308,73,0.3543543544,0.446969697,0.2935323383
0.7432432432,29.3532338308,72,0.3554216867,0.4503816794,0.2935323383
0.7437437437,29.3532338308,69,0.358662614,0.4609375,0.2935323383
0.7442442442,28.855721393,68,0.3547400612,0.4603174603,0.2885572139
0.7447447447,28.855721393,68,0.3547400612,0.4603174603,0.2885572139
0.7452452452,28.855721393,67,0.3558282209,0.464,0.2885572139
0.7457457457,28.855721393,66,0.3569230769,0.4677419355,0.2885572139
0.7462462462,28.855721393,65,0.3580246914,0.4715447154,0.2885572139
0.7467467467,28.855721393,65,0.3580246914,0.4715447154,0.2885572139
0.7472472472,28.855721393,65,0.3580246914,0.4715447154,0.2885572139
0.7477477477,28.3582089552,65,0.3529411765,0.4672131148,0.2835820896
0.7482482482,27.8606965174,65,0.347826087,0.4628099174,0.2786069652
0.7487487487,27.8606965174,64,0.3489096573,0.4666666667,0.2786069652
0.7492492492,27.3631840796,63,0.3448275862,0.4661016949,0.2736318408
0.7497497498,27.3631840796,63,0.3448275862,0.4661016949,0.2736318408
0.7502502503,27.3631840796,63,0.3448275862,0.4661016949,0.2736318408
0.7507507508,27.3631840796,63,0.3448275862,0.4661016949,0.2736318408
0.7512512513,26.8656716418,63,0.3396226415,0.4615384615,0.2686567164
0.7517517518,26.368159204,63,0.334384858,0.4568965517,0.263681592
0.7522522523,25.8706467662,63,0.3291139241,0.452173913,0.2587064677
0.7527527528,25.8706467662,63,0.3291139241,0.452173913,0.2587064677
0.7532532533,25.8706467662,62,0.3301587302,0.4561403509,0.2587064677
0.7537537538,25.8706467662,61,0.3312101911,0.4601769912,0.2587064677
0.7542542543,25.8706467662,60,0.3322683706,0.4642857143,0.2587064677
0.7547547548,25.3731343284,60,0.3269230769,0.4594594595,0.2537313433
0.7552552553,24.8756218905,60,0.3215434084,0.4545454545,0.2487562189
0.7557557558,24.8756218905,59,0.3225806452,0.4587155963,0.2487562189
0.7562562563,24.8756218905,59,0.3225806452,0.4587155963,0.2487562189
0.7567567568,24.8756218905,59,0.3225806452,0.4587155963,0.2487562189
0.7572572573,24.8756218905,59,0.3225806452,0.4587155963,0.2487562189
0.7577577578,24.8756218905,59,0.3225806452,0.4587155963,0.2487562189
0.7582582583,24.3781094527,59,0.3171521036,0.4537037037,0.2437810945
0.7587587588,23.8805970149,58,0.3127035831,0.4528301887,0.2388059701
0.7592592593,23.8805970149,58,0.3127035831,0.4528301887,0.2388059701
0.7597597598,23.8805970149,58,0.3127035831,0.4528301887,0.2388059701
0.7602602603,23.8805970149,58,0.3127035831,0.4528301887,0.2388059701
0.7607607608,23.8805970149,58,0.3127035831,0.4528301887,0.2388059701
0.7612612613,23.8805970149,57,0.3137254902,0.4571428571,0.2388059701
0.7617617618,23.8805970149,56,0.3147540984,0.4615384615,0.2388059701
0.7622622623,23.8805970149,56,0.3147540984,0.4615384615,0.2388059701
0.7627627628,23.8805970149,56,0.3147540984,0.4615384615,0.2388059701
0.7632632633,23.3830845771,56,0.3092105263,0.4563106796,0.2338308458
0.7637637638,22.8855721393,56,0.303630363,0.4509803922,0.2288557214
0.7642642643,22.8855721393,56,0.303630363,0.4509803922,0.2288557214
0.7647647648,22.8855721393,56,0.303630363,0.4509803922,0.2288557214
0.7652652653,22.8855721393,56,0.303630363,0.4509803922,0.2288557214
0.7657657658,22.8855721393,56,0.303630363,0.4509803922,0.2288557214
0.7662662663,22.8855721393,56,0.303630363,0.4509803922,0.2288557214
0.7667667668,22.3880597015,56,0.298013245,0.4455445545,0.223880597
0.7672672673,22.3880597015,56,0.298013245,0.4455445545,0.223880597
0.7677677678,22.3880597015,56,0.298013245,0.4455445545,0.223880597
0.7682682683,22.3880597015,56,0.298013245,0.4455445545,0.223880597
0.7687687688,21.8905472637,56,0.292358804,0.44,0.2189054726
0.7692692693,21.8905472637,56,0.292358804,0.44,0.2189054726
0.7697697698,21.3930348259,56,0.2866666667,0.4343434343,0.2139303483
0.7702702703,21.3930348259,56,0.2866666667,0.4343434343,0.2139303483
0.7707707708,21.3930348259,56,0.2866666667,0.4343434343,0.2139303483
0.7712712713,21.3930348259,56,0.2866666667,0.4343434343,0.2139303483
0.7717717718,21.3930348259,56,0.2866666667,0.4343434343,0.2139303483
0.7722722723,20.3980099502,56,0.2751677852,0.4226804124,0.2039800995
0.7727727728,20.3980099502,56,0.2751677852,0.4226804124,0.2039800995
0.7732732733,19.4029850746,56,0.2635135135,0.4105263158,0.1940298507
0.7737737738,19.4029850746,56,0.2635135135,0.4105263158,0.1940298507
0.7742742743,18.407960199,56,0.2517006803,0.3978494624,0.184079602
0.7747747748,18.407960199,56,0.2517006803,0.3978494624,0.184079602
0.7752752753,18.407960199,56,0.2517006803,0.3978494624,0.184079602
0.7757757758,18.407960199,56,0.2517006803,0.3978494624,0.184079602
0.7762762763,17.4129353234,56,0.2397260274,0.3846153846,0.1741293532
0.7767767768,16.9154228856,55,0.2344827586,0.3820224719,0.1691542289
0.7772772773,16.9154228856,54,0.2352941176,0.3863636364,0.1691542289
0.7777777778,16.9154228856,54,0.2352941176,0.3863636364,0.1691542289
0.7782782783,16.4179104478,54,0.2291666667,0.3793103448,0.1641791045
0.7787787788,15.92039801,53,0.2237762238,0.3764705882,0.1592039801
0.7792792793,15.92039801,53,0.2237762238,0.3764705882,0.1592039801
0.7797797798,15.4228855721,53,0.2175438596,0.369047619,0.1542288557
0.7802802803,15.4228855721,53,0.2175438596,0.369047619,0.1542288557
0.7807807808,15.4228855721,53,0.2175438596,0.369047619,0.1542288557
0.7812812813,15.4228855721,53,0.2175438596,0.369047619,0.1542288557
0.7817817818,15.4228855721,53,0.2175438596,0.369047619,0.1542288557
0.7822822823,15.4228855721,53,0.2175438596,0.369047619,0.1542288557
0.7827827828,15.4228855721,53,0.2175438596,0.369047619,0.1542288557
0.7832832833,15.4228855721,53,0.2175438596,0.369047619,0.1542288557
0.7837837838,15.4228855721,53,0.2175438596,0.369047619,0.1542288557
0.7842842843,15.4228855721,53,0.2175438596,0.369047619,0.1542288557
0.7847847848,15.4228855721,53,0.2175438596,0.369047619,0.1542288557
0.7852852853,14.9253731343,53,0.2112676056,0.3614457831,0.1492537313
0.7857857858,14.9253731343,53,0.2112676056,0.3614457831,0.1492537313
0.7862862863,14.9253731343,52,0.2120141343,0.3658536585,0.1492537313
0.7867867868,14.9253731343,52,0.2120141343,0.3658536585,0.1492537313
0.7872872873,14.9253731343,52,0.2120141343,0.3658536585,0.1492537313
0.7877877878,14.9253731343,52,0.2120141343,0.3658536585,0.1492537313
0.7882882883,14.9253731343,51,0.2127659574,0.3703703704,0.1492537313
0.7887887888,14.9253731343,50,0.2135231317,0.375,0.1492537313
0.7892892893,14.9253731343,50,0.2135231317,0.375,0.1492537313
0.7897897898,14.9253731343,50,0.2135231317,0.375,0.1492537313
0.7902902903,14.9253731343,50,0.2135231317,0.375,0.1492537313
0.7907907908,14.4278606965,50,0.2071428571,0.3670886076,0.144278607
0.7912912913,14.4278606965,49,0.2078853047,0.3717948718,0.144278607
0.7917917918,14.4278606965,49,0.2078853047,0.3717948718,0.144278607
0.7922922923,14.4278606965,49,0.2078853047,0.3717948718,0.144278607
0.7927927928,14.4278606965,49,0.2078853047,0.3717948718,0.144278607
0.7932932933,14.4278606965,49,0.2078853047,0.3717948718,0.144278607
0.7937937938,14.4278606965,49,0.2078853047,0.3717948718,0.144278607
0.7942942943,14.4278606965,49,0.2078853047,0.3717948718,0.144278607
0.7947947948,14.4278606965,49,0.2078853047,0.3717948718,0.144278607
0.7952952953,14.4278606965,49,0.2078853047,0.3717948718,0.144278607
0.7957957958,14.4278606965,49,0.2078853047,0.3717948718,0.144278607
0.7962962963,13.9303482587,49,0.2014388489,0.3636363636,0.1393034826
0.7967967968,13.9303482587,49,0.2014388489,0.3636363636,0.1393034826
0.7972972973,13.9303482587,49,0.2014388489,0.3636363636,0.1393034826
0.7977977978,13.9303482587,49,0.2014388489,0.3636363636,0.1393034826
0.7982982983,13.9303482587,48,0.202166065,0.3684210526,0.1393034826
0.7987987988,13.9303482587,48,0.202166065,0.3684210526,0.1393034826
0.7992992993,13.4328358209,48,0.1956521739,0.36,0.1343283582
0.7997997998,13.4328358209,47,0.1963636364,0.3648648649,0.1343283582
0.8003003003,13.4328358209,47,0.1963636364,0.3648648649,0.1343283582
0.8008008008,13.4328358209,47,0.1963636364,0.3648648649,0.1343283582
0.8013013013,12.9353233831,47,0.1897810219,0.3561643836,0.1293532338
0.8018018018,12.9353233831,47,0.1897810219,0.3561643836,0.1293532338
0.8023023023,12.9353233831,47,0.1897810219,0.3561643836,0.1293532338
0.8028028028,12.9353233831,47,0.1897810219,0.3561643836,0.1293532338
0.8033033033,12.9353233831,47,0.1897810219,0.3561643836,0.1293532338
0.8038038038,12.4378109453,47,0.1831501832,0.3472222222,0.1243781095
0.8043043043,12.4378109453,47,0.1831501832,0.3472222222,0.1243781095
0.8048048048,12.4378109453,47,0.1831501832,0.3472222222,0.1243781095
0.8053053053,11.9402985075,47,0.1764705882,0.338028169,0.1194029851
0.8058058058,11.9402985075,47,0.1764705882,0.338028169,0.1194029851
0.8063063063,11.9402985075,47,0.1764705882,0.338028169,0.1194029851
0.8068068068,11.9402985075,47,0.1764705882,0.338028169,0.1194029851
0.8073073073,11.9402985075,47,0.1764705882,0.338028169,0.1194029851
0.8078078078,11.9402985075,46,0.1771217712,0.3428571429,0.1194029851
0.8083083083,11.9402985075,46,0.1771217712,0.3428571429,0.1194029851
0.8088088088,11.9402985075,46,0.1771217712,0.3428571429,0.1194029851
0.8093093093,11.9402985075,46,0.1771217712,0.3428571429,0.1194029851
0.8098098098,11.9402985075,46,0.1771217712,0.3428571429,0.1194029851
0.8103103103,11.9402985075,46,0.1771217712,0.3428571429,0.1194029851
0.8108108108,11.9402985075,46,0.1771217712,0.3428571429,0.1194029851
0.8113113113,11.9402985075,46,0.1771217712,0.3428571429,0.1194029851
0.8118118118,11.4427860697,46,0.1703703704,0.3333333333,0.1144278607
0.8123123123,11.4427860697,46,0.1703703704,0.3333333333,0.1144278607
0.8128128128,10.9452736318,46,0.1635687732,0.3235294118,0.1094527363
0.8133133133,10.9452736318,46,0.1635687732,0.3235294118,0.1094527363
0.8138138138,10.9452736318,46,0.1635687732,0.3235294118,0.1094527363
0.8143143143,10.9452736318,46,0.1635687732,0.3235294118,0.1094527363
0.8148148148,10.9452736318,46,0.1635687732,0.3235294118,0.1094527363
0.8153153153,10.9452736318,45,0.1641791045,0.328358209,0.1094527363
0.8158158158,10.9452736318,45,0.1641791045,0.328358209,0.1094527363
0.8163163163,10.9452736318,45,0.1641791045,0.328358209,0.1094527363
0.8168168168,10.9452736318,44,0.1647940075,0.3333333333,0.1094527363
0.8173173173,10.9452736318,44,0.1647940075,0.3333333333,0.1094527363
0.8178178178,10.9452736318,43,0.1654135338,0.3384615385,0.1094527363
0.8183183183,10.447761194,43,0.158490566,0.328125,0.1044776119
0.8188188188,10.447761194,43,0.158490566,0.328125,0.1044776119
0.8193193193,9.4527363184,43,0.144486692,0.3064516129,0.0945273632
0.8198198198,9.4527363184,43,0.144486692,0.3064516129,0.0945273632
0.8203203203,8.9552238806,43,0.1374045802,0.2950819672,0.0895522388
0.8208208208,8.9552238806,43,0.1374045802,0.2950819672,0.0895522388
0.8213213213,8.9552238806,43,0.1374045802,0.2950819672,0.0895522388
0.8218218218,8.4577114428,43,0.1302681992,0.2833333333,0.0845771144
0.8223223223,8.4577114428,43,0.1302681992,0.2833333333,0.0845771144
0.8228228228,8.4577114428,43,0.1302681992,0.2833333333,0.0845771144
0.8233233233,8.4577114428,43,0.1302681992,0.2833333333,0.0845771144
0.8238238238,7.960199005,43,0.1230769231,0.2711864407,0.07960199
0.8243243243,7.960199005,43,0.1230769231,0.2711864407,0.07960199
0.8248248248,7.960199005,43,0.1230769231,0.2711864407,0.07960199
0.8253253253,7.960199005,43,0.1230769231,0.2711864407,0.07960199
0.8258258258,7.960199005,43,0.1230769231,0.2711864407,0.07960199
0.8263263263,7.960199005,43,0.1230769231,0.2711864407,0.07960199
0.8268268268,7.960199005,43,0.1230769231,0.2711864407,0.07960199
0.8273273273,7.960199005,43,0.1230769231,0.2711864407,0.07960199
0.8278278278,7.960199005,42,0.1235521236,0.275862069,0.07960199
0.8283283283,7.960199005,42,0.1235521236,0.275862069,0.07960199
0.8288288288,7.960199005,42,0.1235521236,0.275862069,0.07960199
0.8293293293,7.960199005,42,0.1235521236,0.275862069,0.07960199
0.8298298298,7.960199005,42,0.1235521236,0.275862069,0.07960199
0.8303303303,7.960199005,41,0.1240310078,0.2807017544,0.07960199
0.8308308308,7.960199005,41,0.1240310078,0.2807017544,0.07960199
0.8313313313,7.960199005,41,0.1240310078,0.2807017544,0.07960199
0.8318318318,7.960199005,41,0.1240310078,0.2807017544,0.07960199
0.8323323323,7.960199005,41,0.1240310078,0.2807017544,0.07960199
0.8328328328,7.960199005,41,0.1240310078,0.2807017544,0.07960199
0.8333333333,7.960199005,40,0.1245136187,0.2857142857,0.07960199
0.8338338338,7.960199005,40,0.1245136187,0.2857142857,0.07960199
0.8343343343,7.960199005,40,0.1245136187,0.2857142857,0.07960199
0.8348348348,7.4626865672,40,0.1171875,0.2727272727,0.0746268657
0.8353353353,7.4626865672,40,0.1171875,0.2727272727,0.0746268657
0.8358358358,7.4626865672,40,0.1171875,0.2727272727,0.0746268657
0.8363363363,7.4626865672,40,0.1171875,0.2727272727,0.0746268657
0.8368368368,7.4626865672,40,0.1171875,0.2727272727,0.0746268657
0.8373373373,7.4626865672,40,0.1171875,0.2727272727,0.0746268657
0.8378378378,7.4626865672,40,0.1171875,0.2727272727,0.0746268657
0.8383383383,7.4626865672,40,0.1171875,0.2727272727,0.0746268657
0.8388388388,7.4626865672,40,0.1171875,0.2727272727,0.0746268657
0.8393393393,7.4626865672,40,0.1171875,0.2727272727,0.0746268657
0.8398398398,7.4626865672,39,0.1176470588,0.2777777778,0.0746268657
0.8403403403,7.4626865672,39,0.1176470588,0.2777777778,0.0746268657
0.8408408408,7.4626865672,39,0.1176470588,0.2777777778,0.0746268657
0.8413413413,7.4626865672,39,0.1176470588,0.2777777778,0.0746268657
0.8418418418,7.4626865672,39,0.1176470588,0.2777777778,0.0746268657
0.8423423423,7.4626865672,38,0.1181102362,0.2830188679,0.0746268657
0.8428428428,7.4626865672,38,0.1181102362,0.2830188679,0.0746268657
0.8433433433,7.4626865672,38,0.1181102362,0.2830188679,0.0746268657
0.8438438438,7.4626865672,38,0.1181102362,0.2830188679,0.0746268657
0.8443443443,6.9651741294,38,0.1106719368,0.2692307692,0.0696517413
0.8448448448,6.9651741294,38,0.1106719368,0.2692307692,0.0696517413
0.8453453453,6.9651741294,38,0.1106719368,0.2692307692,0.0696517413
0.8458458458,6.9651741294,38,0.1106719368,0.2692307692,0.0696517413
0.8463463463,6.9651741294,38,0.1106719368,0.2692307692,0.0696517413
0.8468468468,6.9651741294,38,0.1106719368,0.2692307692,0.0696517413
0.8473473473,6.9651741294,37,0.1111111111,0.2745098039,0.0696517413
0.8478478478,6.9651741294,37,0.1111111111,0.2745098039,0.0696517413
0.8483483483,6.9651741294,37,0.1111111111,0.2745098039,0.0696517413
0.8488488488,6.9651741294,37,0.1111111111,0.2745098039,0.0696517413
0.8493493493,6.4676616915,37,0.1035856574,0.26,0.0646766169
0.8498498499,6.4676616915,37,0.1035856574,0.26,0.0646766169
0.8503503504,6.4676616915,37,0.1035856574,0.26,0.0646766169
0.8508508509,6.4676616915,37,0.1035856574,0.26,0.0646766169
0.8513513514,6.4676616915,37,0.1035856574,0.26,0.0646766169
0.8518518519,6.4676616915,36,0.104,0.2653061224,0.0646766169
0.8523523524,6.4676616915,36,0.104,0.2653061224,0.0646766169
0.8528528529,6.4676616915,36,0.104,0.2653061224,0.0646766169
0.8533533534,6.4676616915,35,0.1044176707,0.2708333333,0.0646766169
0.8538538539,6.4676616915,35,0.1044176707,0.2708333333,0.0646766169
0.8543543544,6.4676616915,35,0.1044176707,0.2708333333,0.0646766169
0.8548548549,6.4676616915,35,0.1044176707,0.2708333333,0.0646766169
0.8553553554,6.4676616915,35,0.1044176707,0.2708333333,0.0646766169
0.8558558559,6.4676616915,35,0.1044176707,0.2708333333,0.0646766169
0.8563563564,6.4676616915,35,0.1044176707,0.2708333333,0.0646766169
0.8568568569,6.4676616915,35,0.1044176707,0.2708333333,0.0646766169
0.8573573574,5.9701492537,35,0.0967741935,0.2553191489,0.0597014925
0.8578578579,5.9701492537,35,0.0967741935,0.2553191489,0.0597014925
0.8583583584,5.9701492537,35,0.0967741935,0.2553191489,0.0597014925
0.8588588589,5.9701492537,35,0.0967741935,0.2553191489,0.0597014925
0.8593593594,5.9701492537,34,0.0971659919,0.2608695652,0.0597014925
0.8598598599,5.4726368159,34,0.0894308943,0.2444444444,0.0547263682
0.8603603604,5.4726368159,34,0.0894308943,0.2444444444,0.0547263682
0.8608608609,5.4726368159,34,0.0894308943,0.2444444444,0.0547263682
0.8613613614,5.4726368159,34,0.0894308943,0.2444444444,0.0547263682
0.8618618619,5.4726368159,34,0.0894308943,0.2444444444,0.0547263682
0.8623623624,5.4726368159,34,0.0894308943,0.2444444444,0.0547263682
0.8628628629,5.4726368159,34,0.0894308943,0.2444444444,0.0547263682
0.8633633634,5.4726368159,34,0.0894308943,0.2444444444,0.0547263682
0.8638638639,5.4726368159,34,0.0894308943,0.2444444444,0.0547263682
0.8643643644,5.4726368159,34,0.0894308943,0.2444444444,0.0547263682
0.8648648649,5.4726368159,34,0.0894308943,0.2444444444,0.0547263682
0.8653653654,5.4726368159,33,0.0897959184,0.25,0.0547263682
0.8658658659,5.4726368159,33,0.0897959184,0.25,0.0547263682
0.8663663664,5.4726368159,32,0.0901639344,0.2558139535,0.0547263682
0.8668668669,5.4726368159,32,0.0901639344,0.2558139535,0.0547263682
0.8673673674,5.4726368159,32,0.0901639344,0.2558139535,0.0547263682
0.8678678679,5.4726368159,32,0.0901639344,0.2558139535,0.0547263682
0.8683683684,5.4726368159,26,0.0924369748,0.2972972973,0.0547263682
0.8688688689,5.4726368159,26,0.0924369748,0.2972972973,0.0547263682
0.8693693694,5.4726368159,26,0.0924369748,0.2972972973,0.0547263682
0.8698698699,5.4726368159,26,0.0924369748,0.2972972973,0.0547263682
0.8703703704,5.4726368159,26,0.0924369748,0.2972972973,0.0547263682
0.8708708709,5.4726368159,26,0.0924369748,0.2972972973,0.0547263682
0.8713713714,5.4726368159,26,0.0924369748,0.2972972973,0.0547263682
0.8718718719,5.4726368159,26,0.0924369748,0.2972972973,0.0547263682
0.8723723724,5.4726368159,26,0.0924369748,0.2972972973,0.0547263682
0.8728728729,5.4726368159,26,0.0924369748,0.2972972973,0.0547263682
0.8733733734,5.4726368159,26,0.0924369748,0.2972972973,0.0547263682
0.8738738739,5.4726368159,26,0.0924369748,0.2972972973,0.0547263682
0.8743743744,5.4726368159,26,0.0924369748,0.2972972973,0.0547263682
0.8748748749,5.4726368159,26,0.0924369748,0.2972972973,0.0547263682
0.8753753754,5.4726368159,26,0.0924369748,0.2972972973,0.0547263682
0.8758758759,5.4726368159,26,0.0924369748,0.2972972973,0.0547263682
0.8763763764,5.4726368159,26,0.0924369748,0.2972972973,0.0547263682
0.8768768769,5.4726368159,26,0.0924369748,0.2972972973,0.0547263682
0.8773773774,5.4726368159,26,0.0924369748,0.2972972973,0.0547263682
0.8778778779,5.4726368159,26,0.0924369748,0.2972972973,0.0547263682
0.8783783784,5.4726368159,26,0.0924369748,0.2972972973,0.0547263682
0.8788788789,5.4726368159,24,0.093220339,0.3142857143,0.0547263682
0.8793793794,5.4726368159,24,0.093220339,0.3142857143,0.0547263682
0.8798798799,5.4726368159,24,0.093220339,0.3142857143,0.0547263682
0.8803803804,5.4726368159,24,0.093220339,0.3142857143,0.0547263682
0.8808808809,5.4726368159,24,0.093220339,0.3142857143,0.0547263682
0.8813813814,5.4726368159,24,0.093220339,0.3142857143,0.0547263682
0.8818818819,5.4726368159,24,0.093220339,0.3142857143,0.0547263682
0.8823823824,5.4726368159,24,0.093220339,0.3142857143,0.0547263682
0.8828828829,4.9751243781,24,0.085106383,0.2941176471,0.0497512438
0.8833833834,4.9751243781,24,0.085106383,0.2941176471,0.0497512438
0.8838838839,4.9751243781,24,0.085106383,0.2941176471,0.0497512438
0.8843843844,4.9751243781,24,0.085106383,0.2941176471,0.0497512438
0.8848848849,4.9751243781,24,0.085106383,0.2941176471,0.0497512438
0.8853853854,4.9751243781,24,0.085106383,0.2941176471,0.0497512438
0.8858858859,4.9751243781,23,0.0854700855,0.303030303,0.0497512438
0.8863863864,4.9751243781,23,0.0854700855,0.303030303,0.0497512438
0.8868868869,4.9751243781,23,0.0854700855,0.303030303,0.0497512438
0.8873873874,4.9751243781,23,0.0854700855,0.303030303,0.0497512438
0.8878878879,4.9751243781,22,0.0858369099,0.3125,0.0497512438
0.8883883884,4.9751243781,22,0.0858369099,0.3125,0.0497512438
0.8888888889,4.9751243781,22,0.0858369099,0.3125,0.0497512438
0.8893893894,4.9751243781,22,0.0858369099,0.3125,0.0497512438
0.8898898899,4.4776119403,22,0.0775862069,0.2903225806,0.0447761194
0.8903903904,4.4776119403,22,0.0775862069,0.2903225806,0.0447761194
0.8908908909,4.4776119403,22,0.0775862069,0.2903225806,0.0447761194
0.8913913914,4.4776119403,22,0.0775862069,0.2903225806,0.0447761194
0.8918918919,4.4776119403,22,0.0775862069,0.2903225806,0.0447761194
0.8923923924,4.4776119403,22,0.0775862069,0.2903225806,0.0447761194
0.8928928929,4.4776119403,22,0.0775862069,0.2903225806,0.0447761194
0.8933933934,4.4776119403,22,0.0775862069,0.2903225806,0.0447761194
0.8938938939,4.4776119403,22,0.0775862069,0.2903225806,0.0447761194
0.8943943944,4.4776119403,22,0.0775862069,0.2903225806,0.0447761194
0.8948948949,4.4776119403,22,0.0775862069,0.2903225806,0.0447761194
0.8953953954,4.4776119403,22,0.0775862069,0.2903225806,0.0447761194
0.8958958959,4.4776119403,22,0.0775862069,0.2903225806,0.0447761194
0.8963963964,4.4776119403,22,0.0775862069,0.2903225806,0.0447761194
0.8968968969,4.4776119403,22,0.0775862069,0.2903225806,0.0447761194
0.8973973974,4.4776119403,22,0.0775862069,0.2903225806,0.0447761194
0.8978978979,4.4776119403,22,0.0775862069,0.2903225806,0.0447761194
0.8983983984,4.4776119403,22,0.0775862069,0.2903225806,0.0447761194
0.8988988989,4.4776119403,22,0.0775862069,0.2903225806,0.0447761194
0.8993993994,4.4776119403,22,0.0775862069,0.2903225806,0.0447761194
0.8998998999,4.4776119403,22,0.0775862069,0.2903225806,0.0447761194
0.9004004004,4.4776119403,22,0.0775862069,0.2903225806,0.0447761194
0.9009009009,4.4776119403,22,0.0775862069,0.2903225806,0.0447761194
0.9014014014,4.4776119403,22,0.0775862069,0.2903225806,0.0447761194
0.9019019019,4.4776119403,21,0.0779220779,0.3,0.0447761194
0.9024024024,4.4776119403,21,0.0779220779,0.3,0.0447761194
0.9029029029,4.4776119403,19,0.0786026201,0.3214285714,0.0447761194
0.9034034034,3.9800995025,19,0.0701754386,0.2962962963,0.039800995
0.9039039039,3.9800995025,19,0.0701754386,0.2962962963,0.039800995
0.9044044044,3.9800995025,19,0.0701754386,0.2962962963,0.039800995
0.9049049049,3.9800995025,19,0.0701754386,0.2962962963,0.039800995
0.9054054054,3.9800995025,19,0.0701754386,0.2962962963,0.039800995
0.9059059059,3.9800995025,19,0.0701754386,0.2962962963,0.039800995
0.9064064064,3.9800995025,19,0.0701754386,0.2962962963,0.039800995
0.9069069069,3.9800995025,19,0.0701754386,0.2962962963,0.039800995
0.9074074074,3.9800995025,19,0.0701754386,0.2962962963,0.039800995
0.9079079079,3.9800995025,19,0.0701754386,0.2962962963,0.039800995
0.9084084084,3.9800995025,19,0.0701754386,0.2962962963,0.039800995
0.9089089089,3.9800995025,19,0.0701754386,0.2962962963,0.039800995
0.9094094094,3.9800995025,19,0.0701754386,0.2962962963,0.039800995
0.9099099099,3.9800995025,19,0.0701754386,0.2962962963,0.039800995
0.9104104104,3.9800995025,19,0.0701754386,0.2962962963,0.039800995
0.9109109109,3.9800995025,19,0.0701754386,0.2962962963,0.039800995
0.9114114114,3.9800995025,19,0.0701754386,0.2962962963,0.039800995
0.9119119119,3.9800995025,19,0.0701754386,0.2962962963,0.039800995
0.9124124124,3.9800995025,19,0.0701754386,0.2962962963,0.039800995
0.9129129129,3.9800995025,19,0.0701754386,0.2962962963,0.039800995
0.9134134134,3.9800995025,19,0.0701754386,0.2962962963,0.039800995
0.9139139139,3.4825870647,19,0.0616740088,0.2692307692,0.0348258706
0.9144144144,3.4825870647,19,0.0616740088,0.2692307692,0.0348258706
0.9149149149,3.4825870647,19,0.0616740088,0.2692307692,0.0348258706
0.9154154154,3.4825870647,19,0.0616740088,0.2692307692,0.0348258706
0.9159159159,3.4825870647,19,0.0616740088,0.2692307692,0.0348258706
0.9164164164,3.4825870647,19,0.0616740088,0.2692307692,0.0348258706
0.9169169169,3.4825870647,19,0.0616740088,0.2692307692,0.0348258706
0.9174174174,3.4825870647,19,0.0616740088,0.2692307692,0.0348258706
0.9179179179,3.4825870647,19,0.0616740088,0.2692307692,0.0348258706
0.9184184184,3.4825870647,19,0.0616740088,0.2692307692,0.0348258706
0.9189189189,2.9850746269,18,0.0533333333,0.25,0.0298507463
0.9194194194,2.9850746269,18,0.0533333333,0.25,0.0298507463
0.9199199199,2.9850746269,18,0.0533333333,0.25,0.0298507463
0.9204204204,2.9850746269,18,0.0533333333,0.25,0.0298507463
0.9209209209,2.9850746269,18,0.0533333333,0.25,0.0298507463
0.9214214214,2.9850746269,18,0.0533333333,0.25,0.0298507463
0.9219219219,2.9850746269,18,0.0533333333,0.25,0.0298507463
0.9224224224,2.9850746269,18,0.0533333333,0.25,0.0298507463
0.9229229229,2.9850746269,17,0.0535714286,0.2608695652,0.0298507463
0.9234234234,2.9850746269,17,0.0535714286,0.2608695652,0.0298507463
0.9239239239,2.9850746269,16,0.0538116592,0.2727272727,0.0298507463
0.9244244244,2.9850746269,16,0.0538116592,0.2727272727,0.0298507463
0.9249249249,2.9850746269,16,0.0538116592,0.2727272727,0.0298507463
0.9254254254,2.9850746269,16,0.0538116592,0.2727272727,0.0298507463
0.9259259259,2.9850746269,16,0.0538116592,0.2727272727,0.0298507463
0.9264264264,2.9850746269,15,0.0540540541,0.2857142857,0.0298507463
0.9269269269,2.9850746269,15,0.0540540541,0.2857142857,0.0298507463
0.9274274274,2.9850746269,15,0.0540540541,0.2857142857,0.0298507463
0.9279279279,2.9850746269,15,0.0540540541,0.2857142857,0.0298507463
0.9284284284,2.9850746269,15,0.0540540541,0.2857142857,0.0298507463
0.9289289289,2.9850746269,15,0.0540540541,0.2857142857,0.0298507463
0.9294294294,2.9850746269,15,0.0540540541,0.2857142857,0.0298507463
0.9299299299,2.9850746269,14,0.0542986425,0.3,0.0298507463
0.9304304304,2.9850746269,14,0.0542986425,0.3,0.0298507463
0.9309309309,2.9850746269,14,0.0542986425,0.3,0.0298507463
0.9314314314,2.9850746269,12,0.0547945205,0.3333333333,0.0298507463
0.9319319319,2.9850746269,12,0.0547945205,0.3333333333,0.0298507463
0.9324324324,2.9850746269,12,0.0547945205,0.3333333333,0.0298507463
0.9329329329,2.9850746269,12,0.0547945205,0.3333333333,0.0298507463
0.9334334334,2.9850746269,12,0.0547945205,0.3333333333,0.0298507463
0.9339339339,2.9850746269,12,0.0547945205,0.3333333333,0.0298507463
0.9344344344,2.9850746269,12,0.0547945205,0.3333333333,0.0298507463
0.9349349349,2.9850746269,12,0.0547945205,0.3333333333,0.0298507463
0.9354354354,2.9850746269,11,0.0550458716,0.3529411765,0.0298507463
0.9359359359,2.9850746269,9,0.0555555556,0.4,0.0298507463
0.9364364364,2.9850746269,9,0.0555555556,0.4,0.0298507463
0.9369369369,2.9850746269,9,0.0555555556,0.4,0.0298507463
0.9374374374,2.9850746269,9,0.0555555556,0.4,0.0298507463
0.9379379379,2.9850746269,9,0.0555555556,0.4,0.0298507463
0.9384384384,2.9850746269,9,0.0555555556,0.4,0.0298507463
0.9389389389,2.9850746269,9,0.0555555556,0.4,0.0298507463
0.9394394394,2.4875621891,9,0.0465116279,0.3571428571,0.0248756219
0.9399399399,2.4875621891,8,0.046728972,0.3846153846,0.0248756219
0.9404404404,2.4875621891,8,0.046728972,0.3846153846,0.0248756219
0.9409409409,2.4875621891,8,0.046728972,0.3846153846,0.0248756219
0.9414414414,2.4875621891,8,0.046728972,0.3846153846,0.0248756219
0.9419419419,2.4875621891,8,0.046728972,0.3846153846,0.0248756219
0.9424424424,2.4875621891,8,0.046728972,0.3846153846,0.0248756219
0.9429429429,2.4875621891,8,0.046728972,0.3846153846,0.0248756219
0.9434434434,2.4875621891,8,0.046728972,0.3846153846,0.0248756219
0.9439439439,1.9900497512,8,0.0375586854,0.3333333333,0.0199004975
0.9444444444,1.9900497512,8,0.0375586854,0.3333333333,0.0199004975
0.9449449449,1.9900497512,8,0.0375586854,0.3333333333,0.0199004975
0.9454454454,1.9900497512,8,0.0375586854,0.3333333333,0.0199004975
0.9459459459,1.9900497512,8,0.0375586854,0.3333333333,0.0199004975
0.9464464464,1.9900497512,8,0.0375586854,0.3333333333,0.0199004975
0.9469469469,1.9900497512,8,0.0375586854,0.3333333333,0.0199004975
0.9474474474,1.9900497512,7,0.0377358491,0.3636363636,0.0199004975
0.9479479479,1.9900497512,6,0.0379146919,0.4,0.0199004975
0.9484484484,1.9900497512,6,0.0379146919,0.4,0.0199004975
0.9489489489,1.9900497512,6,0.0379146919,0.4,0.0199004975
0.9494494494,1.9900497512,6,0.0379146919,0.4,0.0199004975
0.94994995,1.9900497512,6,0.0379146919,0.4,0.0199004975
0.9504504505,1.9900497512,6,0.0379146919,0.4,0.0199004975
0.950950951,1.9900497512,5,0.0380952381,0.4444444444,0.0199004975
0.9514514515,1.9900497512,4,0.038277512,0.5,0.0199004975
0.951951952,1.9900497512,4,0.038277512,0.5,0.0199004975
0.9524524525,1.9900497512,4,0.038277512,0.5,0.0199004975
0.952952953,1.9900497512,4,0.038277512,0.5,0.0199004975
0.9534534535,1.9900497512,4,0.038277512,0.5,0.0199004975
0.953953954,1.9900497512,4,0.038277512,0.5,0.0199004975
0.9544544545,1.9900497512,4,0.038277512,0.5,0.0199004975
0.954954955,1.9900497512,4,0.038277512,0.5,0.0199004975
0.9554554555,1.9900497512,4,0.038277512,0.5,0.0199004975
0.955955956,1.9900497512,3,0.0384615385,0.5714285714,0.0199004975
0.9564564565,1.9900497512,3,0.0384615385,0.5714285714,0.0199004975
0.956956957,1.9900497512,3,0.0384615385,0.5714285714,0.0199004975
0.9574574575,1.9900497512,3,0.0384615385,0.5714285714,0.0199004975
0.957957958,1.9900497512,3,0.0384615385,0.5714285714,0.0199004975
0.9584584585,1.9900497512,3,0.0384615385,0.5714285714,0.0199004975
0.958958959,1.9900497512,3,0.0384615385,0.5714285714,0.0199004975
0.9594594595,1.9900497512,3,0.0384615385,0.5714285714,0.0199004975
0.95995996,1.9900497512,3,0.0384615385,0.5714285714,0.0199004975
0.9604604605,1.9900497512,3,0.0384615385,0.5714285714,0.0199004975
0.960960961,1.9900497512,3,0.0384615385,0.5714285714,0.0199004975
0.9614614615,1.9900497512,3,0.0384615385,0.5714285714,0.0199004975
0.961961962,1.9900497512,3,0.0384615385,0.5714285714,0.0199004975
0.9624624625,1.4925373134,3,0.0289855072,0.5,0.0149253731
0.962962963,1.4925373134,3,0.0289855072,0.5,0.0149253731
0.9634634635,1.4925373134,3,0.0289855072,0.5,0.0149253731
0.963963964,1.4925373134,3,0.0289855072,0.5,0.0149253731
0.9644644645,1.4925373134,3,0.0289855072,0.5,0.0149253731
0.964964965,1.4925373134,3,0.0289855072,0.5,0.0149253731
0.9654654655,1.4925373134,3,0.0289855072,0.5,0.0149253731
0.965965966,1.4925373134,3,0.0289855072,0.5,0.0149253731
0.9664664665,1.4925373134,3,0.0289855072,0.5,0.0149253731
0.966966967,1.4925373134,3,0.0289855072,0.5,0.0149253731
0.9674674675,1.4925373134,3,0.0289855072,0.5,0.0149253731
0.967967968,1.4925373134,3,0.0289855072,0.5,0.0149253731
0.9684684685,1.4925373134,3,0.0289855072,0.5,0.0149253731
0.968968969,1.4925373134,3,0.0289855072,0.5,0.0149253731
0.9694694695,1.4925373134,3,0.0289855072,0.5,0.0149253731
0.96996997,1.4925373134,3,0.0289855072,0.5,0.0149253731
0.9704704705,0.9950248756,3,0.0194174757,0.4,0.0099502488
0.970970971,0.9950248756,3,0.0194174757,0.4,0.0099502488
0.9714714715,0.9950248756,3,0.0194174757,0.4,0.0099502488
0.971971972,0.9950248756,3,0.0194174757,0.4,0.0099502488
0.9724724725,0.9950248756,3,0.0194174757,0.4,0.0099502488
0.972972973,0.9950248756,2,0.0195121951,0.5,0.0099502488
0.9734734735,0.9950248756,2,0.0195121951,0.5,0.0099502488
0.973973974,0.9950248756,2,0.0195121951,0.5,0.0099502488
0.9744744745,0.9950248756,2,0.0195121951,0.5,0.0099502488
0.974974975,0.9950248756,2,0.0195121951,0.5,0.0099502488
0.9754754755,0.9950248756,2,0.0195121951,0.5,0.0099502488
0.975975976,0.9950248756,2,0.0195121951,0.5,0.0099502488
0.9764764765,0.9950248756,2,0.0195121951,0.5,0.0099502488
0.976976977,0.9950248756,2,0.0195121951,0.5,0.0099502488
0.9774774775,0.9950248756,1,0.0196078431,0.6666666667,0.0099502488
0.977977978,0.9950248756,1,0.0196078431,0.6666666667,0.0099502488
0.9784784785,0.9950248756,1,0.0196078431,0.6666666667,0.0099502488
0.978978979,0.9950248756,1,0.0196078431,0.6666666667,0.0099502488
0.9794794795,0.9950248756,1,0.0196078431,0.6666666667,0.0099502488
0.97997998,0.9950248756,1,0.0196078431,0.6666666667,0.0099502488
0.9804804805,0.9950248756,1,0.0196078431,0.6666666667,0.0099502488
0.980980981,0.9950248756,1,0.0196078431,0.6666666667,0.0099502488
0.9814814815,0.9950248756,1,0.0196078431,0.6666666667,0.0099502488
0.981981982,0.9950248756,1,0.0196078431,0.6666666667,0.0099502488
0.9824824825,0.9950248756,1,0.0196078431,0.6666666667,0.0099502488
0.982982983,0.9950248756,1,0.0196078431,0.6666666667,0.0099502488
0.9834834835,0.9950248756,1,0.0196078431,0.6666666667,0.0099502488
0.983983984,0.9950248756,1,0.0196078431,0.6666666667,0.0099502488
0.9844844845,0.9950248756,1,0.0196078431,0.6666666667,0.0099502488
0.984984985,0.9950248756,1,0.0196078431,0.6666666667,0.0099502488
0.9854854855,0.9950248756,1,0.0196078431,0.6666666667,0.0099502488
0.985985986,0.9950248756,1,0.0196078431,0.6666666667,0.0099502488
0.9864864865,0.9950248756,1,0.0196078431,0.6666666667,0.0099502488
0.986986987,0.9950248756,1,0.0196078431,0.6666666667,0.0099502488
0.9874874875,0.9950248756,1,0.0196078431,0.6666666667,0.0099502488
0.987987988,0.9950248756,1,0.0196078431,0.6666666667,0.0099502488
0.9884884885,0.9950248756,1,0.0196078431,0.6666666667,0.0099502488
0.988988989,0.9950248756,1,0.0196078431,0.6666666667,0.0099502488
0.9894894895,0.9950248756,1,0.0196078431,0.6666666667,0.0099502488
0.98998999,0.9950248756,1,0.0196078431,0.6666666667,0.0099502488
0.9904904905,0.9950248756,1,0.0196078431,0.6666666667,0.0099502488
0.990990991,0.4975124378,1,0.0098522167,0.5,0.0049751244
0.9914914915,0.4975124378,1,0.0098522167,0.5,0.0049751244
0.991991992,0.4975124378,1,0.0098522167,0.5,0.0049751244
0.9924924925,0.4975124378,1,0.0098522167,0.5,0.0049751244
0.992992993,0.4975124378,1,0.0098522167,0.5,0.0049751244
0.9934934935,0.4975124378,1,0.0098522167,0.5,0.0049751244
0.993993994,0.4975124378,1,0.0098522167,0.5,0.0049751244
0.9944944945,0.4975124378,1,0.0098522167,0.5,0.0049751244
0.994994995,0.4975124378,0,0.0099009901,1,0.0049751244
0.9954954955,0.4975124378,0,0.0099009901,1,0.0049751244
0.995995996,0.4975124378,0,0.0099009901,1,0.0049751244
0.9964964965,0.4975124378,0,0.0099009901,1,0.0049751244
0.996996997,0.4975124378,0,0.0099009901,1,0.0049751244
0.9974974975,0.4975124378,0,0.0099009901,1,0.0049751244
0.997997998,0.4975124378,0,0.0099009901,1,0.0049751244
0.9984984985,0.4975124378,0,0.0099009901,1,0.0049751244
0.998998999,0.4975124378,0,0.0099009901,1,0.0049751244
0.9994994995,0.4975124378,0,0.0099009901,1,0.0049751244
